Book Id,Title,Author,Author l-f,Additional Authors,ISBN,ISBN13,My Rating,Average Rating,Publisher,Binding,Number of Pages,Year Published,Original Publication Year,Date Read,Date Added,Bookshelves,Bookshelves with positions,Exclusive Shelf,My Review,Spoiler,Private Notes,Read Count,Owned Copies
1,"Tomorrow, and Tomorrow, and Tomorrow",Gabrielle Zevin,,,"=""""","=""9781784744649""",0,4,,Hardcover,460,,,2026/02/10,2025/01/05,,,read,,,,1,0
2,Lessons in Chemistry,Bonnie Garmus,,,"=""""","=""9788418681424""",0,4,,Hardcover,464,,,2026/03/22,2025/01/05,,,read,,,,1,0
3,The Midnight Library,Matt Haig,,,"=""""","=""9781786892720""",0,4,,Hardcover,304,,,2025/12/30,2025/01/05,,,read,,,,1,0
4,Educated,Tara Westover,,,"=""""","=""9780525510673""",0,4,,Hardcover,384,,,2025/08/14,2025/01/05,,,read,,,,1,0
5,Project Hail Mary,Andy Weir,,,"=""""","=""9781529100631""",0,4,,Hardcover,496,,,2026/05/03,2025/01/05,,,read,,,,1,0
6,The Song of Achilles,Madeline Miller,,,"=""""","=""9789041714879""",0,4,,Hardcover,386,,,2025/06/01,2025/01/05,,,read,,,,1,0
7,Anxious People,Fredrik Backman,,,"=""""","=""9781501160837""",0,4,,Hardcover,352,,,2026/06/18,2025/01/05,,,read,,,,1,0
8,Demon Copperhead,Barbara Kingsolver,,,"=""""","=""9780571376490""",0,4,,Hardcover,560,,,2026/07/29,2025/01/05,,,read,,,,1,0
9,Babel,R.F. Kuang,,,"=""""","=""9780008501815""",0,4,,Hardcover,577,,,2026/08/30,2025/01/05,,,read,,,,1,0
10,The Seven Husbands of Evelyn Hugo,Taylor Jenkins Reid,,,"=""""","=""9783548066738""",0,4,,Hardcover,400,,,2026/01/12,2025/01/05,,,read,,,,1,0
11,Where the Crawdads Sing,Delia Owens,,,"=""""","=""9781472158666""",0,4,,Hardcover,416,,,,2025/01/05,,,read,,,,1,0
12,Remarkably Bright Creatures,Shelby Van Pelt,,,"=""""","=""9780063204164""",0,4,,Hardcover,368,,,,2026/09/01,,,currently-reading,,,,1,0
13,The Covenant of Water,Abraham Verghese,,,"=""""","=""9781804710432""",0,4,,Hardcover,,,,,2026/09/01,,,to-read,,,,1,0
14,Yellowface,R.F. Kuang,,,"=""""","=""9780063330306""",0,4,,Hardcover,352,,,,2026/09/01,,,to-read,,,,1,0
15,Intermezzo,Sally Rooney,,,"=""""","=""9780571365463""",0,4,,Hardcover,454,,,,2026/09/01,,,to-read,,,,1,0
16,Klara and the Sun,Kazuo Ishiguro,,,"=""""","=""9784152100061""",0,4,,Hardcover,334,,,2026/04/01,2025/01/05,,,read,,,,1,0
